Cortex_Category	Striatum_ROI	mean	median	sd	n
Auditory	aCAU	0.116848	0.0926733	0.0795355	97
Auditory	aPUT	1.20618	1.12489	0.514546	97
Auditory	pCAU	0.296915	0.222959	0.265363	97
Auditory	pPUT	7.8129	7.69882	2.28111	97
Motor	aCAU	1.13711	1.06935	0.507899	97
Motor	aPUT	4.42875	4.26976	1.71232	97
Motor	pCAU	27.865	24.7957	16.8044	97
Motor	pPUT	69.5829	68.7618	13.5184	97
Prefrontal	aCAU	8.65886	8.56826	3.99408	97
Prefrontal	aPUT	9.23776	9.25034	2.4919	97
Prefrontal	pCAU	13.1409	12.7653	4.83573	97
Prefrontal	pPUT	5.25111	5.1589	1.23296	97
Visual	aCAU	0.0982816	0.0805987	0.0679449	97
Visual	aPUT	1.60276	1.62132	0.590913	97
Visual	pCAU	0.518391	0.486694	0.234417	97
Visual	pPUT	6.46938	6.47635	1.27259	97
