Cortex_ROI	Striatum_ROI	hemisphere	mean	median	sd	n
IntraCalc	aCAU	Left	0.123587	0.0878653	0.144226	97
IntraCalc	aCAU	Right	0.0878855	0.0617865	0.08796	97
IntraCalc	aPUT	Left	1.54682	1.44671	0.988762	97
IntraCalc	aPUT	Right	1.62241	1.48108	1.09913	97
IntraCalc	pCAU	Left	0.108534	0.0638501	0.120193	97
IntraCalc	pCAU	Right	0.0700851	0.0304188	0.122874	97
IntraCalc	pPUT	Left	1.89067	1.62596	0.99993	97
IntraCalc	pPUT	Right	1.73782	1.5725	0.967186	97
LOCinf	aCAU	Left	0.0392049	0.025209	0.0490092	97
LOCinf	aCAU	Right	0.0316571	0.019465	0.0429894	97
LOCinf	aPUT	Left	0.853272	0.693257	0.630782	97
LOCinf	aPUT	Right	1.0731	0.887875	0.685742	97
LOCinf	pCAU	Left	0.161977	0.0754376	0.248686	97
LOCinf	pCAU	Right	0.239378	0.124252	0.376468	97
LOCinf	pPUT	Left	2.03803	1.6596	1.21632	97
LOCinf	pPUT	Right	2.75302	2.58244	1.64382	97
LOCsup	aCAU	Left	0.261985	0.188985	0.223167	97
LOCsup	aCAU	Right	0.210115	0.137325	0.232921	97
LOCsup	aPUT	Left	2.93838	2.90107	1.21408	97
LOCsup	aPUT	Right	3.7847	3.60208	1.53092	97
LOCsup	pCAU	Left	3.27718	2.97174	1.75353	97
LOCsup	pCAU	Right	2.89162	2.47573	1.75482	97
LOCsup	pPUT	Left	20.9416	21.6998	5.43856	97
LOCsup	pPUT	Right	24.4151	24.6213	7.6588	97
OccFus	aCAU	Left	0.21526	0.132644	0.247138	97
OccFus	aCAU	Right	0.22484	0.155776	0.221086	97
OccFus	aPUT	Left	3.40082	3.07827	1.43859	97
OccFus	aPUT	Right	4.40197	4.20166	2.12047	97
OccFus	pCAU	Left	0.0819517	0.0435863	0.141071	97
OccFus	pCAU	Right	0.0550245	0.0286016	0.0671013	97
OccFus	pPUT	Left	4.62856	4.3914	1.79988	97
OccFus	pPUT	Right	5.17927	4.79665	2.23496	97
OccPole	aCAU	Left	0.000168735	0	0.00132217	97
OccPole	aCAU	Right	0.000666304	0	0.00572424	97
OccPole	aPUT	Left	0.80914	0.411125	0.998154	97
OccPole	aPUT	Right	1.15366	0.810129	1.24066	97
OccPole	pCAU	Left	0.120876	0.0313136	0.300606	97
OccPole	pCAU	Right	0.0707455	0.0218236	0.176387	97
OccPole	pPUT	Left	12.8955	12.7746	4.42239	97
OccPole	pPUT	Right	11.9532	11.5052	4.61534	97
SupraCalc	aCAU	Left	0.0423097	0.0344832	0.0302332	97
SupraCalc	aCAU	Right	0.0120377	0.00883067	0.0148084	97
SupraCalc	aPUT	Left	0.103699	0.083688	0.0698944	97
SupraCalc	aPUT	Right	0.0656002	0.0488548	0.061612	97
SupraCalc	pCAU	Left	0.0327946	0.0239354	0.0354977	97
SupraCalc	pCAU	Right	0.00932785	0.00443937	0.0169389	97
SupraCalc	pPUT	Left	0.293851	0.26495	0.1875	97
SupraCalc	pPUT	Right	0.149808	0.118753	0.120908	97
TempOccFus	aCAU	Left	0.0487679	0.029437	0.0739012	97
TempOccFus	aCAU	Right	0.0774588	0.0437392	0.0942356	97
TempOccFus	aPUT	Left	0.305776	0.260146	0.179322	97
TempOccFus	aPUT	Right	0.379248	0.362403	0.247728	97
TempOccFus	pCAU	Left	0.0730173	0.0412922	0.0934437	97
TempOccFus	pCAU	Right	0.0649674	0.0234427	0.190635	97
TempOccFus	pPUT	Left	0.851997	0.699911	0.528608	97
TempOccFus	pPUT	Right	0.842843	0.775086	0.408028	97
