Hierarchy	Striatum_ROI	mean	median	sd	n
Belt	aCAU	0.24132	0.198318	0.164295	97
Belt	aPUT	2.40168	2.18185	1.11841	97
Belt	pCAU	0.613531	0.430667	0.560183	97
Belt	pPUT	11.0808	10.783	3.43156	97
Parabelt	aCAU	0.0294539	0.0176667	0.0441683	97
Parabelt	aPUT	0.298184	0.274986	0.162974	97
Parabelt	pCAU	0.0721152	0.040453	0.0966285	97
Parabelt	pPUT	1.21531	1.06553	0.704978	97
Primary	aCAU	0.0426952	0.0299099	0.0375573	97
Primary	aPUT	0.631183	0.551538	0.420039	97
Primary	pCAU	0.113281	0.0621631	0.122798	97
Primary	pPUT	14.4723	14.0496	4.71316	97
