Cortex_ROI	Striatum_ROI	mean	median	sd	n
HG	aCAU	0.0426952	0.0299099	0.0375573	97
HG	aPUT	0.631183	0.551538	0.420039	97
HG	pCAU	0.113281	0.0621631	0.122798	97
HG	pPUT	14.4723	14.0496	4.71316	97
PP	aCAU	0.34734	0.264942	0.285054	97
PP	aPUT	3.31569	2.83809	1.99371	97
PP	pCAU	0.901965	0.618299	0.923673	97
PP	pPUT	14.6432	14.1489	5.51972	97
PT	aCAU	0.135299	0.0875157	0.141156	97
PT	aPUT	1.48767	1.34766	0.751591	97
PT	pCAU	0.325096	0.224664	0.308984	97
PT	pPUT	7.51837	7.11144	2.80075	97
STGa	aCAU	0.0191097	0.0110562	0.0233646	97
STGa	aPUT	0.0864801	0.068605	0.0785848	97
STGa	pCAU	0.0226793	0.00802533	0.037787	97
STGa	pPUT	0.709886	0.515781	0.642427	97
STGp	aCAU	0.0397981	0.023257	0.0767361	97
STGp	aPUT	0.509888	0.479235	0.282778	97
STGp	pCAU	0.121551	0.0640809	0.162234	97
STGp	pPUT	1.72074	1.57819	0.928347	97
