Cortex_ROI	hemisphere	mean	median	sd	n
IntraCalc	Left	0.917404	0.85682	0.461485	97
IntraCalc	Right	0.879549	0.807469	0.479931	97
LOCinf	Left	0.773122	0.681588	0.434224	97
LOCinf	Right	1.02429	0.952278	0.561015	97
LOCsup	Left	6.8548	6.81078	1.68099	97
LOCsup	Right	7.82538	7.78413	2.20203	97
OccFus	Left	2.08165	2.02002	0.674556	97
OccFus	Right	2.46528	2.28961	0.946827	97
OccPole	Left	3.45642	3.3626	1.20919	97
OccPole	Right	3.29458	3.01262	1.25279	97
SupraCalc	Left	0.118164	0.107324	0.0624006	97
SupraCalc	Right	0.0591936	0.0498912	0.0424668	97
TempOccFus	Left	0.31989	0.283953	0.159924	97
TempOccFus	Right	0.341129	0.305247	0.170706	97
