Contrast	Cortex_Category	A	B	W	p	p_fdr	stat_str	stat_str_fdr
Cortex_Category	-	Auditory	Motor	0.0	p < .001	p < .001	W = 0.0, p < .001	W = 0.0, q < .001
Cortex_Category	-	Auditory	Prefrontal	1.0	p < .001	p < .001	W = 1.0, p < .001	W = 1.0, q < .001
Cortex_Category	-	Auditory	Visual	1983.0	p = .157	p = .157	W = 1983.0, p = .157	W = 1983.0, q = .157
Cortex_Category	-	Motor	Prefrontal	0.0	p < .001	p < .001	W = 0.0, p < .001	W = 0.0, q < .001
Cortex_Category	-	Motor	Visual	0.0	p < .001	p < .001	W = 0.0, p < .001	W = 0.0, q < .001
Cortex_Category	-	Prefrontal	Visual	1.0	p < .001	p < .001	W = 1.0, p < .001	W = 1.0, q < .001
Caudate_Putamen	-	Caudate	Putamen	22.0	p < .001	n/a	W = 22.0, p < .001	W = 22.0
Cortex_Category * Caudate_Putamen	Auditory	Caudate	Putamen	0.0	p < .001	p < .001	W = 0.0, p < .001	W = 0.0, q < .001
Cortex_Category * Caudate_Putamen	Motor	Caudate	Putamen	32.0	p < .001	p < .001	W = 32.0, p < .001	W = 32.0, q < .001
Cortex_Category * Caudate_Putamen	Prefrontal	Caudate	Putamen	324.0	p < .001	p < .001	W = 324.0, p < .001	W = 324.0, q < .001
Cortex_Category * Caudate_Putamen	Visual	Caudate	Putamen	0.0	p < .001	p < .001	W = 0.0, p < .001	W = 0.0, q < .001
