striatum	other	n_subjects	sum_n_total	sum_n_gp	pooled_frac_gp	mean_frac_gp	sd_frac_gp
aPUT-lh	R-STGp	8	13	13	1.0	1.0	0.0
pCAU-rh	L-OccFus	2	3	3	1.0	1.0	0.0
aPUT-lh	R-LOCinf	7	33	33	1.0	1.0	0.0
pPUT-rh	L-STGa	6	43	43	1.0	1.0	0.0
pPUT-lh	R-STGa	12	39	39	1.0	1.0	0.0
aPUT-rh	L-STGp	2	2	2	1.0	1.0	0.0
aPUT-lh	R-STGa	8	17	17	1.0	1.0	0.0
aPUT-lh	R-LOCsup	3	5	5	1.0	1.0	0.0
aPUT-lh	R-TempOccFus	55	2067	2047	0.9903241412675375	0.9412	0.2265
aPUT-lh	R-OccFus	15	88	87	0.9886363636363636	0.9949	0.0192
aPUT-rh	L-TempOccFus	63	3699	3449	0.9324141659908083	0.9249	0.1418
aPUT-lh	R-HG	16	28	26	0.9285714285714286	0.875	0.3307
pPUT-lh	R-TempOccFus	72	1955	1747	0.8936061381074168	0.6142	0.4263
aPUT-lh	R-PP	59	733	653	0.8908594815825375	0.743	0.3923
aPUT-rh	L-LOCinf	11	30	26	0.8666666666666667	0.7273	0.391
pPUT-lh	R-PP	76	1627	1389	0.8537185003073141	0.5612	0.4355
pPUT-rh	L-PP	76	1405	1152	0.8199288256227758	0.5694	0.4357
aPUT-rh	L-SupraCalc	14	42	34	0.8095238095238095	0.6048	0.4601
aPUT-rh	L-STGa	7	40	32	0.8	0.8312	0.3451
aPUT-rh	L-LOCsup	8	15	12	0.8	0.875	0.2165
aPUT-rh	L-IntraCalc	36	327	258	0.7889908256880734	0.739	0.3779
pPUT-rh	L-TempOccFus	82	1796	1413	0.7867483296213809	0.5048	0.4396
aPUT-rh	L-PP	62	890	688	0.7730337078651686	0.7361	0.3432
aPUT-rh	L-OccFus	41	752	549	0.7300531914893617	0.8218	0.2807
pPUT-lh	aPUT-rh	90	4809	3364	0.6995217300894156	0.5213	0.3689
aPUT-rh	L-PT	15	20	13	0.65	0.6667	0.4714
pPUT-rh	L-OFC	71	639	338	0.5289514866979655	0.4149	0.421
aPUT-lh	R-PT	19	27	14	0.5185185185185185	0.4386	0.4843
aPUT-lh	pPUT-rh	95	4442	2293	0.5162089149031968	0.4043	0.3383
aPUT-rh	L-HG	8	10	5	0.5	0.5	0.5
aPUT-lh	aPUT-rh	89	4418	2156	0.48800362154821186	0.4117	0.3139
pPUT-lh	pPUT-rh	97	11847	5186	0.43774795306828734	0.3687	0.2621
pCAU-rh	L-TempOccFus	9	16	7	0.4375	0.2778	0.4157
aCAU-rh	L-OccFus	29	105	39	0.37142857142857144	0.4418	0.435
aCAU-rh	L-LOCinf	5	6	2	0.3333333333333333	0.2	0.4
pCAU-rh	L-STGa	2	3	1	0.3333333333333333	0.5	0.5
aPUT-rh	L-OFC	66	1007	319	0.31678252234359483	0.3646	0.3897
pPUT-lh	R-STGp	44	146	44	0.3013698630136986	0.3234	0.423
pPUT-lh	R-OFC	61	356	94	0.2640449438202247	0.286	0.3791
aPUT-rh	R-TempOccFus	97	29731	6903	0.23218189768255357	0.2185	0.1394
aCAU-rh	L-TempOccFus	70	423	97	0.2293144208037825	0.2442	0.3596
aPUT-rh	pPUT-rh	97	325087	70789	0.2177540166170902	0.218	0.0663
pPUT-lh	R-OccFus	21	33	6	0.18181818181818182	0.1349	0.2654
aPUT-rh	R-SupraCalc	97	5005	785	0.15684315684315683	0.1497	0.0991
pPUT-rh	R-PreCG	97	2046369	319340	0.15605201212489048	0.1536	0.0435
pPUT-rh	R-SFG	97	775670	115247	0.14857735892841029	0.1493	0.055
pPUT-rh	R-MFG	97	146264	19962	0.1364792430126347	0.1287	0.0601
pPUT-rh	L-OccFus	25	44	6	0.13636363636363635	0.1267	0.2917
pPUT-lh	L-PreCG	97	1705621	225629	0.13228554291955832	0.1322	0.0618
pPUT-lh	R-HG	84	959	125	0.13034410844629823	0.1922	0.3215
pPUT-lh	aCAU-rh	96	2669	336	0.12588984638441364	0.1288	0.1801
aPUT-rh	R-IntraCalc	97	129034	16061	0.12447106964055986	0.128	0.0653
pPUT-rh	pCAU-rh	97	77123	9437	0.12236297861857033	0.1211	0.044
aPUT-lh	pPUT-lh	97	289793	35284	0.12175587402042147	0.1266	0.0604
pPUT-rh	L-PreCG	97	125438	14543	0.11593775410959996	0.1181	0.0497
pPUT-rh	L-ACC	97	10985	1228	0.11178880291306327	0.1046	0.0628
aPUT-lh	R-IntraCalc	59	293	31	0.10580204778156997	0.1228	0.2875
pPUT-rh	R-PCG	97	11929	1233	0.1033615558722441	0.11	0.0886
aPUT-lh	L-TempOccFus	97	26157	2701	0.10326107734067362	0.0974	0.0817
pPUT-rh	L-PCG	97	26139	2616	0.10008033972225411	0.0932	0.0596
aPUT-rh	R-OccFus	97	333032	33086	0.09934781042062024	0.1016	0.0542
aPUT-rh	R-PP	97	136073	13129	0.09648497497666694	0.0836	0.0873
aPUT-rh	R-LOCinf	97	83328	8004	0.09605414746543779	0.0952	0.0575
aPUT-lh	R-OFC	63	792	76	0.09595959595959595	0.2966	0.4144
pPUT-rh	R-IFGo	97	68877	6467	0.09389201039534242	0.0831	0.0482
aPUT-rh	R-STGa	91	4925	440	0.08934010152284264	0.0611	0.0785
pPUT-rh	L-MFG	97	31788	2799	0.08805209513023783	0.098	0.0537
aCAU-lh	pPUT-rh	97	3352	291	0.08681384248210024	0.0783	0.0806
pCAU-lh	pPUT-rh	97	10631	912	0.08578684977894836	0.0982	0.0668
pPUT-rh	L-FMC	45	246	21	0.08536585365853659	0.0354	0.0963
pPUT-rh	L-HG	75	826	70	0.0847457627118644	0.1023	0.187
pPUT-rh	R-ACC	97	5600	474	0.08464285714285714	0.0768	0.0652
pPUT-rh	L-SFG	97	206347	16998	0.0823758038643644	0.0892	0.0477
pPUT-rh	aCAU-rh	97	32650	2618	0.08018376722817765	0.0773	0.0661
aCAU-rh	L-SupraCalc	12	14	1	0.07142857142857142	0.0833	0.2764
pPUT-lh	L-SFG	97	938932	66972	0.07132784908811288	0.0702	0.058
pPUT-rh	R-LOCsup	97	1177521	76828	0.06524554551468721	0.0663	0.0309
aPUT-lh	L-IntraCalc	97	140787	9089	0.06455851747675567	0.0697	0.0482
pPUT-rh	L-PT	80	1988	122	0.0613682092555332	0.0961	0.208
aPUT-rh	R-LOCsup	97	285906	17273	0.06041496156079271	0.0585	0.0364
pPUT-rh	L-FO	93	3314	198	0.05974652987326494	0.0664	0.1281
pPUT-lh	R-PT	93	3572	212	0.0593505039193729	0.0635	0.1128
aPUT-rh	R-OccPole	95	77652	4559	0.058710657806624426	0.0495	0.0471
aCAU-rh	L-PP	81	634	37	0.0583596214511041	0.0995	0.2306
pPUT-lh	R-PreCG	97	53089	3024	0.05696095236301305	0.0533	0.039
aPUT-lh	aCAU-rh	97	5213	296	0.056781124112794935	0.0542	0.0919
pPUT-lh	L-MFG	97	111096	6234	0.056113631453877724	0.0598	0.0549
aPUT-lh	L-OccPole	94	67821	3671	0.05412777753203285	0.0484	0.0544
aCAU-rh	R-OccPole	3	37	2	0.05405405405405406	0.3333	0.4714
pPUT-lh	pCAU-lh	97	74532	3913	0.05250093919390329	0.0541	0.0541
aPUT-rh	pCAU-rh	97	27704	1424	0.051400519780537106	0.0584	0.055
aCAU-rh	L-LOCsup	25	59	3	0.05084745762711865	0.088	0.2718
aPUT-lh	L-OccFus	97	286485	14515	0.05066582892647085	0.0489	0.029
pPUT-lh	L-LOCsup	97	1060315	49328	0.04652202411547512	0.0446	0.048
aPUT-lh	R-FO	76	1164	53	0.04553264604810996	0.0421	0.1373
pPUT-lh	R-ACC	97	7636	337	0.044133053954950235	0.0403	0.0466
pPUT-lh	L-PCG	97	21609	953	0.04410199453931232	0.0455	0.0532
aCAU-rh	L-IntraCalc	77	613	27	0.04404567699836868	0.1035	0.2867
pPUT-rh	L-FP	95	19221	806	0.04193330211747568	0.0419	0.0461
pPUT-lh	pCAU-rh	97	6071	249	0.04101465985834294	0.044	0.0532
aPUT-lh	L-LOCinf	97	77949	3113	0.03993636865129764	0.0383	0.0265
aPUT-lh	L-SupraCalc	97	9309	352	0.03781286926630143	0.0369	0.0321
pPUT-rh	R-LOCinf	97	132982	5023	0.03777202929719812	0.0335	0.0242
aPUT-lh	R-SupraCalc	17	28	1	0.03571428571428571	0.0588	0.2353
pCAU-rh	R-SupraCalc	67	179	6	0.0335195530726257	0.028	0.1357
pCAU-rh	R-TempOccFus	85	1104	37	0.03351449275362319	0.0417	0.1148
pPUT-lh	R-SFG	97	103337	3435	0.03324075597317515	0.0327	0.0299
pPUT-rh	R-STGp	97	116984	3799	0.03247452643096492	0.0313	0.0214
pPUT-lh	aCAU-lh	97	30367	983	0.032370665525076565	0.0339	0.0449
pPUT-rh	L-IFGt	86	3457	108	0.031240960370263235	0.0407	0.0689
pPUT-rh	R-IFGt	96	68822	2098	0.030484438115718812	0.021	0.0268
pPUT-rh	L-IFGo	93	5920	179	0.030236486486486486	0.0469	0.112
aCAU-lh	R-TempOccFus	59	301	9	0.029900332225913623	0.04	0.1818
pPUT-lh	R-PCG	97	15864	474	0.029878971255673223	0.0336	0.0463
pPUT-lh	R-MFG	97	19652	586	0.029818847954406678	0.0292	0.0337
pPUT-lh	R-IntraCalc	87	1214	36	0.029654036243822075	0.0286	0.0756
aPUT-lh	L-PCG	97	36477	1051	0.028812676481070262	0.0318	0.0438
pPUT-lh	R-FO	82	1567	45	0.02871729419272495	0.0238	0.052
pPUT-rh	L-SupraCalc	85	2798	79	0.028234453180843458	0.0115	0.0273
pPUT-lh	L-IFGo	97	122289	3433	0.02807284383713989	0.0255	0.0259
pPUT-lh	R-IFGt	54	732	20	0.0273224043715847	0.0255	0.0765
aCAU-lh	aPUT-rh	96	4917	134	0.02725238966849705	0.0303	0.0561
pPUT-lh	L-SupraCalc	97	16147	431	0.02669226481699387	0.0271	0.044
aPUT-lh	L-PP	97	108672	2857	0.026290120730270906	0.0272	0.0264
pPUT-rh	R-FP	96	377040	9869	0.026174941650753236	0.0275	0.0271
aPUT-lh	L-LOCsup	97	270105	6928	0.02564928453749468	0.0253	0.0216
pPUT-lh	L-ACC	97	3589	92	0.025633881303984397	0.0252	0.0459
pPUT-lh	R-SupraCalc	83	1213	31	0.025556471558120363	0.0206	0.0549
aPUT-rh	aCAU-rh	97	130593	3331	0.02550672700680741	0.0257	0.0279
aPUT-lh	aCAU-lh	97	156240	3976	0.025448028673835124	0.0243	0.0285
aCAU-rh	R-SupraCalc	84	624	15	0.02403846153846154	0.0275	0.0934
pPUT-rh	R-TempOccFus	97	44708	1062	0.023754137961886017	0.024	0.0212
pPUT-rh	R-OFC	97	173476	4065	0.023432636214807814	0.0233	0.0214
aPUT-rh	R-PCG	97	17071	397	0.023255813953488372	0.0267	0.0317
pPUT-lh	L-TempOccFus	97	44023	1022	0.023215137541739546	0.0213	0.0231
aCAU-rh	R-OccFus	97	12519	286	0.02284527518172378	0.0414	0.1301
aPUT-lh	L-FP	97	1145090	26052	0.022751050135797188	0.0228	0.0258
pPUT-rh	R-SupraCalc	97	7348	163	0.022182906913445835	0.0221	0.0286
pPUT-lh	L-LOCinf	97	103401	2275	0.022001721453370857	0.0193	0.0184
aPUT-lh	R-PCG	97	26127	562	0.021510314999808627	0.0209	0.035
aPUT-lh	L-SFG	97	384984	8112	0.021071005548282527	0.0207	0.0306
aPUT-rh	R-FP	97	1248984	25823	0.020675204806466695	0.0213	0.0208
pPUT-lh	R-FP	92	5144	105	0.02041213063763608	0.0194	0.0436
pPUT-rh	R-PT	97	337701	6886	0.0203908190973672	0.019	0.0129
aPUT-lh	L-ACC	97	7256	145	0.01998346196251378	0.0233	0.0388
aPUT-lh	pCAU-rh	96	4133	81	0.019598354706024678	0.0193	0.0377
aPUT-lh	L-IFGt	97	141520	2745	0.01939655172413793	0.0177	0.0238
pCAU-lh	L-TempOccFus	94	1595	30	0.018808777429467086	0.0156	0.0611
aPUT-rh	R-IFGt	97	131675	2447	0.01858363394721853	0.0139	0.0182
aPUT-rh	L-PCG	96	23535	421	0.01788825154025919	0.0141	0.0172
pCAU-lh	R-OFC	68	394	7	0.017766497461928935	0.0171	0.0817
pPUT-rh	R-FMC	72	1015	18	0.017733990147783252	0.027	0.0875
pPUT-lh	L-STGp	97	26523	461	0.017381140896580327	0.0166	0.0251
pPUT-lh	L-PT	97	203870	3530	0.0173149556089665	0.0146	0.0195
aCAU-rh	R-LOCinf	92	1815	30	0.01652892561983471	0.0325	0.1257
aPUT-lh	R-ACC	97	8256	131	0.015867248062015504	0.017	0.0346
aPUT-lh	pCAU-lh	97	34979	531	0.01518053689356471	0.0177	0.0222
aPUT-lh	L-STGa	94	4495	68	0.015127919911012236	0.0148	0.038
aPUT-rh	L-ACC	96	8243	121	0.014679121679000364	0.0143	0.0265
aPUT-lh	L-IFGo	97	31347	456	0.014546846588190257	0.0093	0.0192
aCAU-lh	R-OccFus	28	140	2	0.014285714285714285	0.0476	0.1934
aPUT-rh	R-SFG	97	293297	4123	0.01405742302171519	0.0139	0.0159
aPUT-rh	R-ACC	96	7668	107	0.013954094940010433	0.0183	0.0297
aPUT-lh	R-SFG	97	45168	625	0.013837229897272405	0.0115	0.022
aPUT-rh	R-IFGo	97	29108	401	0.01377628143465714	0.007	0.0139
aPUT-lh	R-IFGt	63	1017	14	0.01376597836774828	0.0084	0.0317
aPUT-lh	L-MFG	97	43676	574	0.013142229141862808	0.0147	0.026
aCAU-rh	R-IntraCalc	96	4340	56	0.012903225806451613	0.0196	0.0624
aCAU-rh	R-TempOccFus	97	3956	51	0.01289180990899899	0.0182	0.0521
pPUT-rh	R-FO	97	160386	2014	0.012557205741149477	0.0122	0.0124
pCAU-rh	R-STGa	51	239	3	0.012552301255230125	0.0235	0.1401
pPUT-lh	L-IFGt	97	56044	703	0.012543715651987725	0.0103	0.0158
pPUT-rh	L-IntraCalc	86	2564	31	0.012090483619344774	0.0064	0.0191
pPUT-rh	R-STGa	92	22350	257	0.011498881431767338	0.0128	0.0168
pPUT-rh	R-OccPole	97	690852	7520	0.010885109980140464	0.0107	0.0147
pCAU-rh	R-OccFus	93	1319	14	0.01061410159211524	0.0103	0.0632
pPUT-lh	L-FP	97	302076	3089	0.010225903415034626	0.0087	0.013
aPUT-lh	R-FP	95	36913	366	0.00991520602497765	0.0089	0.0146
pPUT-lh	R-IFGo	92	3506	33	0.009412435824301199	0.0078	0.0244
aCAU-rh	R-LOCsup	96	9798	90	0.009185548071034905	0.0193	0.0845
aPUT-lh	R-MFG	96	7676	68	0.008858780614903595	0.0109	0.0272
aCAU-rh	R-STGa	79	689	6	0.008708272859216255	0.0179	0.1206
aCAU-rh	R-PP	97	10685	90	0.008423022929340197	0.0098	0.0223
pPUT-rh	R-IntraCalc	97	108805	873	0.008023528330499517	0.0097	0.014
aPUT-rh	L-SFG	97	42064	337	0.008011601369341955	0.0075	0.0137
pCAU-lh	aPUT-rh	96	4707	37	0.007860633099638836	0.0113	0.0342
pCAU-rh	R-OFC	97	10709	83	0.007750490241852647	0.0109	0.0271
aPUT-rh	L-FO	76	781	6	0.0076824583866837385	0.0102	0.0595
aPUT-rh	R-FMC	89	17756	136	0.00765938274386123	0.0178	0.1056
aPUT-rh	R-OFC	97	280513	2080	0.007414986114725521	0.0077	0.0061
aPUT-rh	L-FP	95	32379	240	0.007412211618641712	0.0088	0.0194
aPUT-rh	R-MFG	97	56228	391	0.006953830831614142	0.0084	0.0127
aPUT-rh	R-HG	97	39353	270	0.006860976291515259	0.0081	0.0134
pPUT-rh	R-PP	97	353959	2409	0.006805872996590001	0.0067	0.0055
pPUT-lh	L-IntraCalc	97	117735	799	0.006786427145708583	0.0077	0.0116
aPUT-rh	R-STGp	97	44309	274	0.006183845268455618	0.0083	0.0155
aPUT-lh	R-IFGo	78	1345	8	0.005947955390334572	0.0037	0.0206
pPUT-rh	R-OccFus	97	284555	1600	0.005622814570118255	0.0051	0.0073
pCAU-lh	R-TempOccFus	4	183	1	0.00546448087431694	0.25	0.433
pPUT-lh	L-OccPole	97	752031	4047	0.005381427095425588	0.0055	0.01
pPUT-lh	L-STGa	96	23392	124	0.005300957592339261	0.0079	0.0153
aPUT-rh	L-IFGt	67	970	5	0.005154639175257732	0.0189	0.1223
aCAU-lh	R-PP	70	392	2	0.00510204081632653	0.0041	0.0339
pCAU-rh	R-HG	95	1325	6	0.004528301886792453	0.0058	0.0277
pCAU-lh	L-OccFus	95	2054	9	0.004381694255111977	0.0078	0.0565
pCAU-lh	L-PP	96	9190	40	0.004352557127312296	0.0183	0.111
aPUT-lh	L-HG	97	24219	101	0.004170279532598373	0.004	0.0102
aPUT-rh	L-MFG	95	7191	28	0.0038937560839938812	0.0035	0.0133
pCAU-rh	L-OFC	67	526	2	0.0038022813688212928	0.0036	0.0246
aPUT-lh	L-OFC	97	762144	2852	0.0037420749884536256	0.0034	0.0049
pPUT-rh	R-HG	97	352458	1290	0.003660010554449041	0.0038	0.0034
pCAU-lh	R-PP	74	849	3	0.0035335689045936395	0.0072	0.0446
pPUT-lh	L-OccFus	97	261685	906	0.0034621778091980817	0.0037	0.0051
pPUT-lh	L-OFC	97	167740	579	0.003451770597353046	0.0036	0.0074
pCAU-rh	R-PP	97	9664	33	0.0034147350993377484	0.0049	0.0158
aCAU-rh	L-OFC	91	3226	10	0.0030998140111593306	0.0062	0.0308
aPUT-rh	R-FO	97	221193	643	0.002906963601922303	0.0025	0.0036
pPUT-lh	L-HG	97	324552	899	0.0027699721462200204	0.0028	0.0041
pPUT-lh	R-OccPole	46	754	2	0.002652519893899204	0.0051	0.0244
aPUT-lh	L-FO	97	543092	1370	0.002522592857195466	0.0021	0.0037
pPUT-lh	L-FO	97	395914	997	0.0025182236546320664	0.0025	0.0036
aCAU-lh	L-OFC	97	47607	99	0.0020795261201083876	0.002	0.0063
pPUT-lh	L-PP	97	439006	908	0.0020683088613823045	0.0022	0.003
aPUT-rh	R-PT	97	111277	226	0.002030967765126666	0.0027	0.0058
pCAU-rh	R-STGp	95	2023	4	0.001977261492832427	0.0022	0.0141
aCAU-lh	R-IntraCalc	69	515	1	0.001941747572815534	0.0036	0.0299
aCAU-lh	L-OccFus	96	12614	24	0.0019026478515934676	0.0024	0.0122
aCAU-rh	R-SFG	97	151375	283	0.0018695293146160199	0.0049	0.0113
aPUT-rh	L-FMC	66	1620	3	0.001851851851851852	0.0054	0.0298
pCAU-rh	R-IntraCalc	92	1621	3	0.001850709438618137	0.0009	0.0058
pCAU-rh	R-PT	97	4079	7	0.0017161068889433686	0.0038	0.0286
pPUT-lh	L-FMC	92	6735	11	0.0016332590942835933	0.0019	0.0101
aPUT-lh	L-PT	97	52901	80	0.0015122587474716924	0.0017	0.0039
aPUT-lh	L-FMC	95	105854	150	0.001417046120127723	0.002	0.0061
pCAU-lh	L-IntraCalc	95	2830	4	0.0014134275618374558	0.0016	0.014
pPUT-lh	R-LOCsup	63	1461	2	0.0013689253935660506	0.0002	0.0012
aPUT-rh	R-PreCG	97	248563	339	0.0013638393485756125	0.0014	0.0021
aCAU-rh	R-PreCG	97	45262	61	0.0013477088948787063	0.0015	0.0041
aPUT-lh	L-STGp	97	11004	13	0.0011813885859687386	0.0014	0.0055
aCAU-lh	L-TempOccFus	97	2680	3	0.001119402985074627	0.0005	0.0037
aCAU-lh	L-FP	97	1202030	1316	0.0010948146052927132	0.001	0.0027
aPUT-rh	L-PreCG	93	1975	2	0.0010126582278481013	0.001	0.0094
aCAU-rh	R-PT	97	6182	6	0.0009705596894208993	0.0021	0.0105
aPUT-lh	R-FMC	58	1068	1	0.0009363295880149813	0.0172	0.1302
aCAU-rh	R-OFC	97	34701	29	0.0008357107864326676	0.0013	0.0034
pCAU-rh	R-LOCinf	96	3659	3	0.0008198961464881115	0.001	0.0069
pPUT-rh	L-LOCsup	76	2740	2	0.00072992700729927	0.0007	0.0052
aCAU-lh	L-SupraCalc	95	2751	2	0.0007270083605961468	0.0011	0.0102
aCAU-lh	L-IntraCalc	96	6935	5	0.0007209805335255948	0.0007	0.0047
aCAU-rh	R-FO	97	12873	9	0.0006991377301328362	0.0013	0.0053
aPUT-lh	R-PreCG	86	1513	1	0.0006609385327164573	0.0003	0.0029
pCAU-lh	L-HG	91	1545	1	0.0006472491909385113	0.0008	0.008
aCAU-lh	L-FMC	96	77361	47	0.0006075412675637595	0.0005	0.002
pCAU-lh	L-OFC	97	16732	9	0.0005378914654554147	0.0019	0.0129
pCAU-lh	aCAU-rh	95	11694	6	0.000513083632632119	0.0011	0.0093
aCAU-lh	R-OFC	91	2102	1	0.0004757373929590866	0.0018	0.0174
aCAU-lh	L-PP	97	10552	5	0.00047384382107657316	0.0003	0.0024
pCAU-lh	pCAU-rh	97	25437	12	0.00047175374454534735	0.0001	0.0004
aCAU-rh	R-HG	97	2137	1	0.0004679457182966776	0.0001	0.0006
aCAU-rh	L-ACC	96	15127	7	0.00046274872744099955	0.0004	0.0015
aCAU-rh	R-FP	97	810386	362	0.00044670070805764167	0.0006	0.0017
pCAU-lh	R-PT	95	2274	1	0.00043975373790677223	0.0008	0.0073
aCAU-lh	L-LOCinf	93	2329	1	0.00042936882782310007	0.0006	0.0054
aCAU-lh	L-PT	97	4986	2	0.00040112314480545525	0.0011	0.0106
aCAU-rh	R-MFG	97	137630	52	0.00037782460219428903	0.0013	0.0052
aCAU-rh	R-PCG	97	33584	12	0.00035731300619342544	0.0006	0.0022
pCAU-rh	R-ACC	96	5614	2	0.0003562522265764161	0.0003	0.0032
pCAU-lh	L-LOCinf	93	2994	1	0.00033400133600534405	0.0036	0.0344
pCAU-rh	R-LOCsup	97	53621	17	0.00031703996568508607	0.0002	0.001
pCAU-rh	R-PCG	97	16314	5	0.00030648522741203875	0.0004	0.0025
pCAU-rh	L-ACC	97	9889	3	0.0003033673778946304	0.0003	0.0019
aPUT-lh	L-PreCG	97	133369	39	0.00029242177717460577	0.0004	0.0011
aCAU-rh	pCAU-rh	97	291314	69	0.00023685782351689241	0.0003	0.0008
aCAU-lh	L-PCG	97	39216	9	0.0002294981640146879	0.0004	0.0015
aCAU-rh	R-IFGt	96	51052	11	0.0002154665830917496	0.0003	0.0017
pCAU-rh	R-SFG	97	331134	67	0.00020233500637204272	0.0003	0.0009
pCAU-lh	L-PT	96	5169	1	0.0001934610176049526	0.0009	0.0092
pCAU-rh	R-PreCG	97	337244	64	0.00018977357640165578	0.0003	0.0007
aCAU-lh	R-FMC	93	5440	1	0.0001838235294117647	0.0	0.0001
pCAU-rh	R-FO	97	37031	6	0.00016202641030487968	0.0002	0.0008
aCAU-lh	aCAU-rh	97	19527	3	0.00015363343063450608	0.0002	0.0016
pCAU-rh	R-IFGt	96	39653	6	0.0001513126371270774	0.0003	0.0021
aCAU-rh	R-IFGo	96	30081	4	0.00013297430271600014	0.0002	0.0008
pCAU-rh	R-FP	96	388378	49	0.0001261657457425498	0.0003	0.0015
aCAU-lh	R-PCG	97	37353	4	0.00010708644553315664	0.0001	0.0003
aCAU-lh	pCAU-rh	96	9468	1	0.00010561892691170258	0.0	0.0001
aCAU-rh	L-PCG	97	31122	3	9.63948332369385e-05	0.0001	0.0006
pCAU-lh	R-ACC	97	11004	1	9.087604507451835e-05	0.0001	0.0013
aCAU-lh	R-ACC	97	12537	1	7.976389885937624e-05	0.0001	0.0007
aCAU-lh	L-IFGt	97	95107	7	7.36013122062519e-05	0.0003	0.0017
pCAU-rh	L-PreCG	97	56767	4	7.046347349692603e-05	0.0	0.0003
aCAU-lh	L-PreCG	97	32119	2	6.226843924157041e-05	0.0	0.0003
aCAU-lh	L-SFG	97	195653	11	5.622198484050845e-05	0.0001	0.0004
aCAU-rh	R-ACC	96	95590	5	5.230672664504655e-05	0.0	0.0002
pCAU-rh	L-PCG	97	44905	2	4.4538470103551945e-05	0.0	0.0004
pCAU-rh	R-MFG	97	308680	12	3.887521057405728e-05	0.0001	0.0002
aCAU-rh	R-FMC	95	26339	1	3.796651353506208e-05	0.0	0.0001
pCAU-lh	R-PreCG	97	44995	1	2.22246916324036e-05	0.0	0.0
aCAU-lh	L-FO	97	46391	1	2.1555905240240565e-05	0.0	0.0001
aCAU-lh	pCAU-lh	97	201879	4	1.9813848889681444e-05	0.0	0.0001
aCAU-lh	L-ACC	96	71745	1	1.3938253536831835e-05	0.0	0.0003
aCAU-rh	L-FP	97	149866	2	1.3345255094551133e-05	0.0	0.0
aCAU-rh	L-SFG	97	77590	1	1.2888258796236629e-05	0.0	0.0001
pCAU-rh	R-IFGo	97	114724	1	8.716571946584848e-06	0.0	0.0001
pCAU-lh	L-MFG	97	355427	3	8.440551787005489e-06	0.0	0.0003
pCAU-lh	L-SFG	97	435785	3	6.884128641417213e-06	0.0	0.0001
aCAU-lh	L-MFG	97	146256	1	6.837326331911169e-06	0.0	0.0001
pCAU-lh	L-FP	97	480506	2	4.162278930960279e-06	0.0	0.0001
aCAU-rh	L-IFGt	93	4538	0	0.0	0.0	0.0
pCAU-lh	L-PreCG	97	268633	0	0.0	0.0	0.0
aCAU-lh	L-LOCsup	97	13642	0	0.0	0.0	0.0
aCAU-rh	L-FMC	96	16071	0	0.0	0.0	0.0
pCAU-lh	R-HG	76	399	0	0.0	0.0	0.0
pCAU-rh	L-IFGt	93	5568	0	0.0	0.0	0.0
aCAU-lh	L-STGa	83	793	0	0.0	0.0	0.0
aCAU-rh	R-STGp	96	2144	0	0.0	0.0	0.0
pCAU-rh	L-IFGo	97	9882	0	0.0	0.0	0.0
aCAU-lh	R-FO	95	2440	0	0.0	0.0	0.0
aCAU-rh	L-PreCG	96	8940	0	0.0	0.0	0.0
pCAU-lh	R-FMC	35	242	0	0.0	0.0	0.0
pCAU-rh	L-SupraCalc	12	29	0	0.0	0.0	0.0
aCAU-rh	L-IFGo	87	2508	0	0.0	0.0	0.0
pCAU-lh	L-STGa	68	523	0	0.0	0.0	0.0
aCAU-lh	R-PreCG	97	2525	0	0.0	0.0	0.0
aCAU-rh	L-MFG	96	20258	0	0.0	0.0	0.0
aPUT-rh	L-IFGo	69	582	0	0.0	0.0	0.0
aCAU-lh	R-SupraCalc	28	81	0	0.0	0.0	0.0
pCAU-rh	L-MFG	97	49130	0	0.0	0.0	0.0
aCAU-lh	R-HG	42	71	0	0.0	0.0	0.0
pPUT-lh	R-FMC	35	241	0	0.0	0.0	0.0
pCAU-rh	L-SFG	97	218834	0	0.0	0.0	0.0
aCAU-lh	R-PT	58	214	0	0.0	0.0	0.0
pCAU-lh	R-PCG	97	51764	0	0.0	0.0	0.0
aCAU-lh	R-SFG	97	75157	0	0.0	0.0	0.0
pCAU-lh	L-PCG	97	21015	0	0.0	0.0	0.0
pCAU-lh	R-IntraCalc	37	86	0	0.0	0.0	0.0
aCAU-lh	L-HG	96	1833	0	0.0	0.0	0.0
pCAU-lh	R-IFGo	96	11684	0	0.0	0.0	0.0
aCAU-lh	L-STGp	77	645	0	0.0	0.0	0.0
pCAU-rh	L-FP	96	65039	0	0.0	0.0	0.0
aCAU-lh	R-FP	96	187246	0	0.0	0.0	0.0
pCAU-lh	L-FMC	74	2116	0	0.0	0.0	0.0
pCAU-lh	L-FO	97	71017	0	0.0	0.0	0.0
pCAU-rh	L-FO	95	4701	0	0.0	0.0	0.0
aCAU-lh	R-STGp	18	23	0	0.0	0.0	0.0
aCAU-lh	R-MFG	96	17389	0	0.0	0.0	0.0
pCAU-rh	L-PT	76	463	0	0.0	0.0	0.0
aCAU-lh	L-IFGo	97	39073	0	0.0	0.0	0.0
pCAU-lh	L-ACC	97	4411	0	0.0	0.0	0.0
pCAU-rh	L-PP	76	577	0	0.0	0.0	0.0
pCAU-lh	L-STGp	89	1697	0	0.0	0.0	0.0
aCAU-rh	L-PT	38	100	0	0.0	0.0	0.0
aCAU-lh	R-IFGt	91	5139	0	0.0	0.0	0.0
aCAU-lh	R-IFGo	94	4038	0	0.0	0.0	0.0
pCAU-lh	R-SFG	97	215992	0	0.0	0.0	0.0
pCAU-lh	R-FP	97	92164	0	0.0	0.0	0.0
aCAU-rh	L-FO	92	2188	0	0.0	0.0	0.0
pCAU-rh	R-OccPole	71	1817	0	0.0	0.0	0.0
pCAU-lh	L-LOCsup	97	67515	0	0.0	0.0	0.0
pCAU-rh	L-FMC	30	274	0	0.0	0.0	0.0
pPUT-rh	L-OccPole	12	135	0	0.0	0.0	0.0
pCAU-lh	R-MFG	97	54947	0	0.0	0.0	0.0
pCAU-lh	L-IFGo	97	139639	0	0.0	0.0	0.0
pCAU-lh	R-IFGt	91	5234	0	0.0	0.0	0.0
pCAU-rh	R-FMC	51	654	0	0.0	0.0	0.0
pCAU-lh	L-IFGt	97	56972	0	0.0	0.0	0.0
pCAU-lh	L-OccPole	77	2942	0	0.0	0.0	0.0
pCAU-lh	R-FO	95	5159	0	0.0	0.0	0.0
pCAU-lh	L-SupraCalc	96	909	0	0.0	0.0	0.0
pCAU-lh	R-LOCsup	44	381	0	0.0	0.0	0.0
aCAU-lh	R-LOCsup	35	62	0	0.0	0.0	0.0
pCAU-rh	L-LOCsup	72	940	0	0.0	0.0	0.0
pCAU-rh	L-HG	47	147	0	0.0	0.0	0.0
pCAU-lh	R-OccFus	4	4	0	0.0	0.0	0.0
aCAU-rh	L-HG	33	69	0	0.0	0.0	0.0
pCAU-rh	L-IntraCalc	14	34	0	0.0	0.0	0.0
aCAU-lh	R-LOCinf	2	2	0	0.0	0.0	0.0
pCAU-lh	R-SupraCalc	24	68	0	0.0	0.0	0.0
pCAU-lh	R-STGp	15	41	0	0.0	0.0	0.0
pCAU-rh	L-STGp	1	3	0	0.0	0.0	0.0
pCAU-rh	L-LOCinf	8	22	0	0.0	0.0	0.0
aCAU-lh	L-OccPole	3	7	0	0.0	0.0	0.0
aPUT-lh	R-OccPole	5	5	0	0.0	0.0	0.0
pCAU-lh	R-OccPole	2	2	0	0.0	0.0	0.0
pPUT-rh	L-STGp	5	6	0	0.0	0.0	0.0
aCAU-rh	L-STGp	2	2	0	0.0	0.0	0.0
pPUT-rh	L-LOCinf	3	3	0	0.0	0.0	0.0
pCAU-lh	R-LOCinf	6	11	0	0.0	0.0	0.0
aCAU-lh	R-STGa	5	5	0	0.0	0.0	0.0
pPUT-lh	R-LOCinf	1	1	0	0.0	0.0	0.0
pCAU-lh	R-STGa	3	34	0	0.0	0.0	0.0
aCAU-rh	L-STGa	5	7	0	0.0	0.0	0.0
pCAU-rh	L-OccPole	1	1	0	0.0	0.0	0.0
aPUT-rh	L-OccPole	1	2	0	0.0	0.0	0.0
